gamma_ps_inv,r_nm,eta,mean_trapping_time_ps
0.05,1.0,0.9891704700981427,2.0539573056612044
4.257894736842105,1.0,0.9893044333445989,2.053275778511342
8.465789473684211,1.0,0.9893765372313796,2.0528726630681184
12.673684210526316,1.0,0.9894067652247729,2.052696997561535
16.88157894736842,1.0,0.9894088929402319,2.052703642157397
21.089473684210528,1.0,0.9893909589416405,2.052856929915932
25.29736842105263,1.0,0.9893544082610326,2.0531399876126963
29.505263157894735,1.0,0.9893122873660074,2.05351907874638
33.71315789473684,1.0,0.9892629653140983,2.0539840585299207
37.921052631578945,1.0,0.9892085960604063,2.0545234147505327
42.12894736842105,1.0,0.9891560911341024,2.055122159565325
46.33684210526315,1.0,0.9891033755290577,2.0557719579427056
50.54473684210526,1.0,0.9890523093503284,2.0564674552334203
54.752631578947366,1.0,0.9890004106113156,2.057204033531016
58.960526315789465,1.0,0.988952303812043,2.057973565889131
63.16842105263157,1.0,0.9889082228448066,2.058770053507169
67.37631578947368,1.0,0.9888678653140942,2.059591030012768
71.58421052631579,1.0,0.9888312995640708,2.0604334443090275
75.7921052631579,1.0,0.9887988163788848,2.0612945924143182
80.0,1.0,0.9887699961534814,2.0621718714195647
0.05,1.2105263157894737,0.9974113607146801,2.0718796068012253
4.257894736842105,1.2105263157894737,0.9974027333477061,2.0688267619603757
8.465789473684211,1.2105263157894737,0.9973893788320259,2.0671365187337005
12.673684210526316,1.2105263157894737,0.9973706623187947,2.066429215727129
16.88157894736842,1.2105263157894737,0.9973455005534002,2.06644971951972
21.089473684210528,1.2105263157894737,0.9973116597776694,2.0670260229198387
25.29736842105263,1.2105263157894737,0.9972655590560804,2.068035585750489
29.505263157894735,1.2105263157894737,0.9972043668486138,2.0693888370809423
33.71315789473684,1.2105263157894737,0.9971294054023121,2.071016757141462
37.921052631578945,1.2105263157894737,0.9970459398559697,2.0728633605664424
42.12894736842105,1.2105263157894737,0.9969562552144372,2.0748792992716147
46.33684210526315,1.2105263157894737,0.9968576123657857,2.0770419270126643
50.54473684210526,1.2105263157894737,0.996745887395806,2.0793329137969305
54.752631578947366,1.2105263157894737,0.9966183900640009,2.081741135707768
58.960526315789465,1.2105263157894737,0.996471601128903,2.0842434694796768
63.16842105263157,1.2105263157894737,0.996302599855775,2.0868636933432603
67.37631578947368,1.2105263157894737,0.9961056927370028,2.0896166321499297
71.58421052631579,1.2105263157894737,0.995865957108833,2.092432050805985
75.7921052631579,1.2105263157894737,0.9955834561432328,2.0953873522758144
80.0,1.2105263157894737,0.9952511302753968,2.0984558328352323
0.05,1.4210526315789473,0.997653809735884,2.1890334899179527
4.257894736842105,1.4210526315789473,0.9976929269488272,2.161042013538677
8.465789473684211,1.4210526315789473,0.9977099596321736,2.146290972966345
12.673684210526316,1.4210526315789473,0.9977172892867554,2.1384978179996197
16.88157894736842,1.4210526315789473,0.997719120479073,2.134714015132346
21.089473684210528,1.4210526315789473,0.9977178707174265,2.1334028941943393
25.29736842105263,1.4210526315789473,0.9977121708936623,2.133678180315969
29.505263157894735,1.4210526315789473,0.9977084700899531,2.1350980777505533
33.71315789473684,1.4210526315789473,0.9976956012855085,2.137232554007321
37.921052631578945,1.4210526315789473,0.9976829209785003,2.139978047394963
42.12894736842105,1.4210526315789473,0.9976668728196768,2.143165313364934
46.33684210526315,1.4210526315789473,0.9976606907462134,2.146792278978503
50.54473684210526,1.4210526315789473,0.9976420467356026,2.1506079279816652
54.752631578947366,1.4210526315789473,0.9976095938120539,2.1545472259802674
58.960526315789465,1.4210526315789473,0.9975905139314343,2.1587763507822735
63.16842105263157,1.4210526315789473,0.9975702054903081,2.1631717140426825
67.37631578947368,1.4210526315789473,0.9975716367599196,2.1678581499610865
71.58421052631579,1.4210526315789473,0.9975247790146266,2.172383160672601
75.7921052631579,1.4210526315789473,0.9975004008778059,2.1771683885117072
80.0,1.4210526315789473,0.9974745920415728,2.1820586644171365
0.05,1.631578947368421,0.9973973768389179,2.4325286476522696
4.257894736842105,1.631578947368421,0.9976037077662019,2.30785355998865
8.465789473684211,1.631578947368421,0.9976662304709075,2.2584799170163863
12.673684210526316,1.631578947368421,0.9976936641581907,2.235986252448768
16.88157894736842,1.631578947368421,0.9977076982164437,2.2255305221511352
21.089473684210528,1.631578947368421,0.9977160366526961,2.2214093632317873
25.29736842105263,1.631578947368421,0.9977036584935358,2.2209363817765504
29.505263157894735,1.631578947368421,0.9977000512429757,2.2230224483877987
33.71315789473684,1.631578947368421,0.9976941297590723,2.2268539576497193
37.921052631578945,1.631578947368421,0.9976862589070966,2.231992357759442
42.12894736842105,1.631578947368421,0.997676216966949,2.238153725973701
46.33684210526315,1.631578947368421,0.9976643144937022,2.245141869105195
50.54473684210526,1.631578947368421,0.9976508269387977,2.252815216730307
54.752631578947366,1.631578947368421,0.9976821396130415,2.2612909259545657
58.960526315789465,1.631578947368421,0.9976222607226304,2.2698134585086414
63.16842105263157,1.631578947368421,0.9976078041598998,2.2789909490496507
67.37631578947368,1.631578947368421,0.997592721743027,2.2885475730156983
71.58421052631579,1.631578947368421,0.9975767491335514,2.298440678574945
75.7921052631579,1.631578947368421,0.9975600558567527,2.3086340405792978
80.0,1.631578947368421,0.9975878166069746,2.319319974616561
0.05,1.8421052631578947,0.9965967619991807,2.879867756601963
4.257894736842105,1.8421052631578947,0.9974182509279705,2.500607277677305
8.465789473684211,1.8421052631578947,0.9975563468082833,2.3953142456141343
12.673684210526316,1.8421052631578947,0.9975906469129477,2.35461857233758
16.88157894736842,1.8421052631578947,0.9976095474453273,2.337595421074348
21.089473684210528,1.8421052631578947,0.9976156633764439,2.3320502236900005
25.29736842105263,1.8421052631578947,0.9976666955093169,2.333542968167262
29.505263157894735,1.8421052631578947,0.9976623170612403,2.3393564960372357
33.71315789473684,1.8421052631578947,0.9975975236096769,2.3482336787401294
37.921052631578945,1.8421052631578947,0.9975844002684534,2.3599081028943223
42.12894736842105,1.8421052631578947,0.9975687569263602,2.373605979399739
46.33684210526315,1.8421052631578947,0.9975508754384234,2.388952640873215
50.54473684210526,1.8421052631578947,0.997531048510103,2.4056680153753343
54.752631578947366,1.8421052631578947,0.9975097423707051,2.4235359006148895
58.960526315789465,1.8421052631578947,0.9975330759664042,2.4426147414054236
63.16842105263157,1.8421052631578947,0.9974645355274677,2.462080151856792
67.37631578947368,1.8421052631578947,0.9974945208459982,2.4827627485367056
71.58421052631579,1.8421052631578947,0.9974160429985454,2.503579893500151
75.7921052631579,1.8421052631578947,0.997390392989827,2.5252169669612616
80.0,1.8421052631578947,0.9973640131985254,2.5473551888492008
0.05,2.052631578947368,0.9941040553963068,3.614453416247037
4.257894736842105,2.052631578947368,0.9971687401169839,2.734843327028357
8.465789473684211,2.052631578947368,0.9974042330038063,2.564397130612599
12.673684210526316,2.052631578947368,0.9974858143482797,2.5076813808912886
16.88157894736842,2.052631578947368,0.9974642379399242,2.4868300476832306
21.089473684210528,2.052631578947368,0.9975163367389369,2.4840525358726504
25.29736842105263,2.052631578947368,0.9975244674870822,2.492017269096758
29.505263157894735,2.052631578947368,0.9975059497126643,2.5075048753451603
33.71315789473684,2.052631578947368,0.9974857490832139,2.5286638001285024
37.921052631578945,2.052631578947368,0.9974622449290004,2.5542187701775645
42.12894736842105,2.052631578947368,0.997361831806535,2.5829706104431986
46.33684210526315,2.052631578947368,0.9973265984384686,2.6148479233654265
50.54473684210526,2.052631578947368,0.9973483224787023,2.649332898100215
54.752631578947366,2.052631578947368,0.9973067459395705,2.6854930721859662
58.960526315789465,2.052631578947368,0.9972041982899332,2.7230161877012735
63.16842105263157,2.052631578947368,0.9971938384496896,2.7623851237318497
67.37631578947368,2.052631578947368,0.9971121746112327,2.8025762140342643
71.58421052631579,2.052631578947368,0.9970632676510147,2.8439723735652267
75.7921052631579,2.052631578947368,0.9970124042536024,2.8862523979658823
80.0,2.052631578947368,0.997016623334623,2.9295792392427864
0.05,2.263157894736842,0.9860424718059158,4.668747410095972
4.257894736842105,2.263157894736842,0.9968160010863087,3.0267079402039188
8.465789473684211,2.263157894736842,0.9971761357211089,2.792241683972584
12.673684210526316,2.263157894736842,0.9972126825741282,2.7228268041760026
16.88157894736842,2.263157894736842,0.9973039796793276,2.7031218089875018
21.089473684210528,2.263157894736842,0.9972877611395025,2.7084091521007827
25.29736842105263,2.263157894736842,0.9972785093946812,2.7304029906503096
29.505263157894735,2.263157894736842,0.9971728505050764,2.7639984800295028
33.71315789473684,2.263157894736842,0.9971246152102682,2.8069360019394374
37.921052631578945,2.263157894736842,0.9970673731068276,2.8569060500852306
42.12894736842105,2.263157894736842,0.9970022950536532,2.9124451053456926
46.33684210526315,2.263157894736842,0.9969300766767261,2.972455198013926
50.54473684210526,2.263157894736842,0.9968510873635414,3.03609251689037
54.752631578947366,2.263157894736842,0.9968350729235501,3.1030088467635926
58.960526315789465,2.263157894736842,0.9966732801312711,3.171736556149458
63.16842105263157,2.263157894736842,0.9965742357773093,3.2427882017969387
67.37631578947368,2.263157894736842,0.9965148122702253,3.3157620924494213
71.58421052631579,2.263157894736842,0.9963536105553568,3.389577962408267
75.7921052631579,2.263157894736842,0.9962784417370678,3.4650496259095536
80.0,2.263157894736842,0.9960979983678376,3.540885315878613
0.05,2.473684210526316,0.9641077513583459,5.946933863737571
4.257894736842105,2.473684210526316,0.9962371429615112,3.412887233390758
8.465789473684211,2.473684210526316,0.9967839934288262,3.1176486621224946
12.673684210526316,2.473684210526316,0.9969101676294766,3.0392438057041384
16.88157894736842,2.473684210526316,0.9969432256464373,3.0245707108586717
21.089473684210528,2.473684210526316,0.9968834616293475,3.045449770453009
25.29736842105263,2.473684210526316,0.9967958128667825,3.0908496489514046
29.505263157894735,2.473684210526316,0.9967147488580281,3.154630335901767
33.71315789473684,2.473684210526316,0.9966112728596538,3.232207886800109
37.921052631578945,2.473684210526316,0.996486678836236,3.32041960409456
42.12894736842105,2.473684210526316,0.9963407893850564,3.416900422239882
46.33684210526315,2.473684210526316,0.9961722931966386,3.5198356781335516
50.54473684210526,2.473684210526316,0.9959789833416122,3.6278016686353447
54.752631578947366,2.473684210526316,0.9957579596049383,3.7396584605545593
58.960526315789465,2.473684210526316,0.9955577946571023,3.854778653607543
63.16842105263157,2.473684210526316,0.9952773748538215,3.97180389932982
67.37631578947368,2.473684210526316,0.9948921635517921,4.090033843815388
71.58421052631579,2.473684210526316,0.9945664728319904,4.209849015971566
75.7921052631579,2.473684210526316,0.994152098654449,4.329929966057892
80.0,2.473684210526316,0.9936340724384636,4.449797172876202
0.05,2.6842105263157894,0.9195021243753301,7.241554584221898
4.257894736842105,2.6842105263157894,0.9951002366407116,3.9393830613642042
8.465789473684211,2.6842105263157894,0.9960810101778907,3.5853424172229964
12.673684210526316,2.6842105263157894,0.9962737141960498,3.4999218098408353
16.88157894736842,2.6842105263157894,0.9962947451103218,3.4956728190263977
21.089473684210528,2.6842105263157894,0.9962386742448877,3.54100011016068
25.29736842105263,2.6842105263157894,0.9960333339583675,3.6215611257520575
29.505263157894735,2.6842105263157894,0.995834367569497,3.728872569289093
33.71315789473684,2.6842105263157894,0.9956366707802551,3.8562731733613247
37.921052631578945,2.6842105263157894,0.9952322836265591,3.997669860756713
42.12894736842105,2.6842105263157894,0.9948113566877087,4.150177527633032
46.33684210526315,2.6842105263157894,0.9942940030763285,4.310349722817432
50.54473684210526,2.6842105263157894,0.9936661184274198,4.475693599613726
54.752631578947366,2.6842105263157894,0.9929134907797433,4.644181778918864
58.960526315789465,2.6842105263157894,0.9920674510640632,4.81445158532647
63.16842105263157,2.6842105263157894,0.9910311271343722,4.984571582364496
67.37631578947368,2.6842105263157894,0.9898310173643985,5.153685104642636
71.58421052631579,2.6842105263157894,0.9884120574455327,5.320582159799612
75.7921052631579,2.6842105263157894,0.9868703512716479,5.485192701722942
80.0,2.6842105263157894,0.9851529540775401,5.646623722517313
0.05,2.894736842105263,0.8519995821101688,8.370765506889702
4.257894736842105,2.894736842105263,0.9924693371829254,4.644397979860513
8.465789473684211,2.894736842105263,0.9945476132127855,4.23699182292063
12.673684210526316,2.894736842105263,0.9949239543076223,4.147427703846731
16.88157894736842,2.894736842105263,0.9948702596012305,4.15881590999548
21.089473684210528,2.894736842105263,0.9947264437498027,4.237553129596906
25.29736842105263,2.894736842105263,0.994254231907633,4.364274294107406
29.505263157894735,2.894736842105263,0.9936423155681711,4.526665528016044
33.71315789473684,2.894736842105263,0.9927973168573223,4.713928519098735
37.921052631578945,2.894736842105263,0.9916842477732076,4.917843662691186
42.12894736842105,2.894736842105263,0.9902671083825384,5.131938598434273
46.33684210526315,2.894736842105263,0.9885684193076885,5.351504721282996
50.54473684210526,2.894736842105263,0.9864007529388261,5.571497636900259
54.752631578947366,2.894736842105263,0.9839626518146071,5.790349802775084
58.960526315789465,2.894736842105263,0.9810446094514788,6.004425530965222
63.16842105263157,2.894736842105263,0.9778407167175377,6.213404142762468
67.37631578947368,2.894736842105263,0.974195821288761,6.414970807555781
71.58421052631579,2.894736842105263,0.970246635571935,6.609246730949256
75.7921052631579,2.894736842105263,0.965977830374993,6.795528302432202
80.0,2.894736842105263,0.961416547971483,6.973630559170687
0.05,3.1052631578947367,0.771869067729911,9.26496821853034
4.257894736842105,3.1052631578947367,0.9859455665495017,5.531101911576078
8.465789473684211,3.1052631578947367,0.9905459344231706,5.089989179402993
12.673684210526316,3.1052631578947367,0.9913762451300272,5.00203244202868
16.88157894736842,3.1052631578947367,0.991293723519593,5.03412295744994
21.089473684210528,3.1052631578947367,0.9905207929684111,5.1491298819015885
25.29736842105263,3.1052631578947367,0.9892690748133239,5.324874081492852
29.505263157894735,3.1052631578947367,0.9873330751918032,5.540861116187319
33.71315789473684,3.1052631578947367,0.9846652066653313,5.781422616539421
37.921052631578945,3.1052631578947367,0.9813759516428461,6.035526561574283
42.12894736842105,3.1052631578947367,0.9772537694193155,6.292756237449283
46.33684210526315,3.1052631578947367,0.9724464920387073,6.547654857045081
50.54473684210526,3.1052631578947367,0.9669439016311459,6.7954650881198475
54.752631578947366,3.1052631578947367,0.9608028122434442,7.033346621297469
58.960526315789465,3.1052631578947367,0.9540941264075551,7.25963603970322
63.16842105263157,3.1052631578947367,0.9468963134521471,7.473518774130486
67.37631578947368,3.1052631578947367,0.9392899940112438,7.674772595627563
71.58421052631579,3.1052631578947367,0.9313539022102785,7.863573661405338
75.7921052631579,3.1052631578947367,0.9231621482680675,8.040354036133122
80.0,3.1052631578947367,0.9147825587147925,8.205699699803096
0.05,3.3157894736842106,0.692139590429922,9.93965733923638
4.257894736842105,3.3157894736842106,0.9710956126001045,6.541153852048218
8.465789473684211,3.3157894736842106,0.9802879279429342,6.103775074808414
12.673684210526316,3.3157894736842106,0.9819458105707454,6.026066041754367
16.88157894736842,3.3157894736842106,0.9814800733784382,6.078004506634035
21.089473684210528,3.3157894736842106,0.9794254415241069,6.222425023246075
25.29736842105263,3.3157894736842106,0.9758699155983273,6.430229311083725
29.505263157894735,3.3157894736842106,0.9709814269018925,6.677067354576257
33.71315789473684,3.3157894736842106,0.9646923439983581,6.942098374977217
37.921052631578945,3.3157894736842106,0.9571077670397422,7.211033744123369
42.12894736842105,3.3157894736842106,0.9484349619828055,7.474907620604619
46.33684210526315,3.3157894736842106,0.9388393441470011,7.727790652571845
50.54473684210526,3.3157894736842106,0.9284546888639643,7.965935184708304
54.752631578947366,3.3157894736842106,0.9174703410374285,8.18798361244904
58.960526315789465,3.3157894736842106,0.9061077729062021,8.394062155509397
63.16842105263157,3.3157894736842106,0.8944951920226689,8.58437967204566
67.37631578947368,3.3157894736842106,0.8827801094691345,8.759918953165759
71.58421052631579,3.3157894736842106,0.871022230145134,8.921241499859176
75.7921052631579,3.3157894736842106,0.8593589165767368,9.069917740695132
80.0,3.3157894736842106,0.8478434448447054,9.206893757434957
0.05,3.526315789473684,0.6216577964803636,10.440415161059802
4.257894736842105,3.526315789473684,0.9429024017980471,7.5653244790027685
8.465789473684211,3.526315789473684,0.9582802903232897,7.1719757803677275
12.673684210526316,3.526315789473684,0.9609873816207356,7.1116114549903395
16.88157894736842,3.526315789473684,0.9596519370048109,7.176263821287509
21.089473684210528,3.526315789473684,0.9551924674665127,7.330764731512423
25.29736842105263,3.526315789473684,0.9480568484502992,7.54359605622161
29.505263157894735,3.526315789473684,0.9386144017833686,7.786851188656001
33.71315789473684,3.526315789473684,0.9273038780040977,8.040247099732738
37.921052631578945,3.526315789473684,0.9144767513279672,8.289531903811548
42.12894736842105,3.526315789473684,0.9006112570770195,8.527512139928787
46.33684210526315,3.526315789473684,0.8860234458989797,8.749449201799038
50.54473684210526,3.526315789473684,0.8710550478720949,8.953953233670921
54.752631578947366,3.526315789473684,0.8559688918691667,9.141131000267768
58.960526315789465,3.526315789473684,0.840975222596482,9.311587445581557
63.16842105263157,3.526315789473684,0.8262158835505244,9.466541348626784
67.37631578947368,3.526315789473684,0.811828789324189,9.607523184263162
71.58421052631579,3.526315789473684,0.7978875754506296,9.73590935359184
75.7921052631579,3.526315789473684,0.7844247552508417,9.852786202451249
80.0,3.526315789473684,0.7714718549365968,9.959391128604947
0.05,3.7368421052631575,0.5638456479366569,10.811846367139118
4.257894736842105,3.7368421052631575,0.8993227951026267,8.497983008274776
8.465789473684211,3.7368421052631575,0.9207418372297509,8.172343211006176
12.673684210526316,3.7368421052631575,0.9243494182239499,8.130975534263717
16.88157894736842,3.7368421052631575,0.9217426045591697,8.198264857199117
21.089473684210528,3.7368421052631575,0.9143682496774188,8.344077173331335
25.29736842105263,3.7368421052631575,0.903155533798234,8.537388514396664
29.505263157894735,3.7368421052631575,0.8891092350714154,8.75275409401305
33.71315789473684,3.7368421052631575,0.8730812889391503,8.971470472576137
37.921052631578945,3.7368421052631575,0.8558299234109532,9.182309736155666
42.12894736842105,3.7368421052631575,0.8379870662828296,9.379546517425199
46.33684210526315,3.7368421052631575,0.8200148569626238,9.560438699029033
50.54473684210526,3.7368421052631575,0.8022768724223566,9.724761864636832
54.752631578947366,3.7368421052631575,0.7850184666108044,9.873221581164684
58.960526315789465,3.7368421052631575,0.7683933456771829,10.006924493333441
63.16842105263157,3.7368421052631575,0.7525135007207508,10.12759949673455
67.37631578947368,3.7368421052631575,0.7374025279897182,10.236274339954528
71.58421052631579,3.7368421052631575,0.7230980516454673,10.334618805184304
75.7921052631579,3.7368421052631575,0.7095726932459157,10.423659288777447
80.0,3.7368421052631575,0.696808410481573,10.50442865668869
0.05,3.9473684210526314,0.5185000492564649,11.088760648223637
4.257894736842105,3.9473684210526314,0.8432419413751246,9.280716740795386
8.465789473684211,3.9473684210526314,0.8688247235862938,9.02613602356908
12.673684210526316,3.9473684210526314,0.872914085853454,9.000889330538861
16.88157894736842,3.9473684210526314,0.8690773205474422,9.063661735368118
21.089473684210528,3.9473684210526314,0.8591746678840753,9.189644551719566
25.29736842105263,3.9473684210526314,0.8447914967848936,9.352421706842822
29.505263157894735,3.9473684210526314,0.8274607380286784,9.5299535410476
33.71315789473684,3.9473684210526314,0.8084576862272213,9.707393127794706
37.921052631578945,3.9473684210526314,0.7887793540052546,9.876248132649266
42.12894736842105,3.9473684210526314,0.7691147753476021,10.032071314972194
46.33684210526315,3.9473684210526314,0.7499455500187806,10.173648933973421
50.54473684210526,3.9473684210526314,0.731565435554449,10.301160049288466
54.752631578947366,3.9473684210526314,0.7141391819678606,10.415530082070592
58.960526315789465,3.9473684210526314,0.6977439453505564,10.517963266100635
63.16842105263157,3.9473684210526314,0.6823916485396282,10.60981833811092
67.37631578947368,3.9473684210526314,0.6680627662522491,10.692296084168682
71.58421052631579,3.9473684210526314,0.6547125561218654,10.766541935028958
75.7921052631579,3.9473684210526314,0.6422837408081056,10.833579594580998
80.0,3.9473684210526314,0.6307148697709076,10.894288629711216
0.05,4.157894736842105,0.48381054223767944,11.296372033946398
4.257894736842105,4.157894736842105,0.7808154007686825,9.903601720318923
8.465789473684211,4.157894736842105,0.8080100926533904,9.711225599548694
12.673684210526316,4.157894736842105,0.8121367264995716,9.697732942034092
16.88157894736842,4.157894736842105,0.8074464696963259,9.752551292485625
21.089473684210528,4.157894736842105,0.7960586920301457,9.855717050787213
25.29736842105263,4.157894736842105,0.7800540422256869,9.98634919799918
29.505263157894735,4.157894736842105,0.7613637997740677,10.127308236687512
33.71315789473684,4.157894736842105,0.7414737301273711,10.266551272099525
37.921052631578945,4.157894736842105,0.7214403251457084,10.397680531122706
42.12894736842105,4.157894736842105,0.701949328195264,10.518159515787394
46.33684210526315,4.157894736842105,0.6833902166235328,10.626905449094068
50.54473684210526,4.157894736842105,0.665970248434967,10.724354356725208
54.752631578947366,4.157894736842105,0.649760421248033,10.811469054642172
58.960526315789465,4.157894736842105,0.6347649520915004,10.889220608361763
63.16842105263157,4.157894736842105,0.6209318184451837,10.958764865737136
67.37631578947368,4.157894736842105,0.6081937775972428,11.021049286326244
71.58421052631579,4.157894736842105,0.5964657868605487,11.07703253326614
75.7921052631579,4.157894736842105,0.5856640548799051,11.127500116912419
80.0,4.157894736842105,0.5757066148568966,11.17313865580276
0.05,4.368421052631579,0.45759511640945955,11.45278952351679
4.257894736842105,4.368421052631579,0.718391837233451,10.384437383688418
8.465789473684211,4.368421052631579,0.7449779345965792,10.241576457053892
12.673684210526316,4.368421052631579,0.7488260970717509,10.235898560776144
16.88157894736842,4.368421052631579,0.743769693029926,10.281812250400113
21.089473684210528,4.368421052631579,0.7320297429292634,10.364037739795405
25.29736842105263,4.368421052631579,0.7159233509991054,10.466579234539568
29.505263157894735,4.368421052631579,0.6975295280553787,10.575992379096524
33.71315789473684,4.368421052631579,0.6783918236183896,10.683481104066368
37.921052631578945,4.368421052631579,0.65951905780758,10.784310670590123
42.12894736842105,4.368421052631579,0.6415031128207948,10.876446529864927
46.33684210526315,4.368421052631579,0.6246453066520294,10.959449093052436
50.54473684210526,4.368421052631579,0.6090635453306604,11.033687806496655
54.752631578947366,4.368421052631579,0.5947655176582725,11.099896420965708
58.960526315789465,4.368421052631579,0.5816979742557709,11.158919678501777
63.16842105263157,4.368421052631579,0.5697727957316583,11.211607333663276
67.37631578947368,4.368421052631579,0.5588982605289533,11.258856624812207
71.58421052631579,4.368421052631579,0.5489720365079592,11.301241236000672
75.7921052631579,4.368421052631579,0.5399007166506077,11.339420203050283
80.0,4.368421052631579,0.5315965563658784,11.373925505217867
0.05,4.578947368421052,0.43786563442957793,11.571170485480202
4.257894736842105,4.578947368421052,0.6605427935258381,10.750139100235726
8.465789473684211,4.578947368421052,0.6850654420774169,10.644762740293336
12.673684210526316,4.578947368421052,0.688472416900374,10.64384506310145
16.88157894736842,4.578947368421052,0.6834784468388637,10.681620982346937
21.089473684210528,4.578947368421052,0.6722408447643498,10.746254905974217
25.29736842105263,4.578947368421052,0.6570937653458757,10.825672198316198
29.505263157894735,4.578947368421052,0.6400867613264476,10.910083417888298
33.71315789473684,4.578947368421052,0.6226824946453806,10.99259904591933
37.921052631578945,4.578947368421052,0.6057838093117637,11.069734924300612
42.12894736842105,4.578947368421052,0.5898787880664027,11.140278472254362
46.33684210526315,4.578947368421052,0.575185536299019,11.203617492927588
50.54473684210526,4.578947368421052,0.5617577051011653,11.260364301466362
54.752631578947366,4.578947368421052,0.5495596507906328,11.310832069359316
58.960526315789465,4.578947368421052,0.5385109105195421,11.35591300834536
63.16842105263157,4.578947368421052,0.528507963057444,11.396146023593833
67.37631578947368,4.578947368421052,0.5194491726914046,11.43214250058031
71.58421052631579,4.578947368421052,0.5112327377154499,11.464467376111422
75.7921052631579,4.578947368421052,0.5037661105126587,11.493583721826122
80.0,4.578947368421052,0.49696554332433085,11.519896368478664
0.05,4.789473684210526,0.42300705159958485,11.661109900305442
4.257894736842105,4.789473684210526,0.6096708000998412,11.026834919795412
8.465789473684211,4.789473684210526,0.6314122837149538,10.94915688980424
12.673684210526316,4.789473684210526,0.6343358729413335,10.95114165947719
16.88157894736842,4.789473684210526,0.629683604411124,10.981750462653277
21.089473684210528,4.789473684210526,0.6194539855901047,11.032284861768767
25.29736842105263,4.789473684210526,0.6058452122538232,11.093673569850576
29.505263157894735,4.789473684210526,0.5907561428759274,11.158651374739991
33.71315789473684,4.789473684210526,0.5755046061335714,11.222027821392274
37.921052631578945,4.789473684210526,0.5608660805871988,11.281228088555858
42.12894736842105,4.789473684210526,0.547232304207043,11.335312963687949
46.33684210526315,4.789473684210526,0.5347552871258072,11.38399674784615
50.54473684210526,4.789473684210526,0.5234484089461076,11.427525842049901
54.752631578947366,4.789473684210526,0.5132535146053103,11.466387255639463
58.960526315789465,4.789473684210526,0.5040780592582307,11.500967015946772
63.16842105263157,4.789473684210526,0.49582097363559186,11.531940341037883
67.37631578947368,4.789473684210526,0.4883819724723854,11.559619324544373
71.58421052631579,4.789473684210526,0.48166591660673064,11.584439385778309
75.7921052631579,4.789473684210526,0.4755877061127894,11.60688294275928
80.0,4.789473684210526,0.47007248578589195,11.627125744586671
0.05,5.0,0.4117721799080707,11.729789242611735
4.257894736842105,5.0,0.5664818972430299,11.236317419551057
8.465789473684211,5.0,0.5852605025028803,11.178810783154324
12.673684210526316,5.0,0.5877172250874223,11.182297002859942
16.88157894736842,5.0,0.5835533758427176,11.20706041697275
21.089473684210528,5.0,0.5745469970041235,11.246587359682476
25.29736842105263,5.0,0.5626824497794927,11.294193651702132
29.505263157894735,5.0,0.549653449055815,11.34427184377193
33.71315789473684,5.0,0.5366055845846681,11.393118581617657
37.921052631578945,5.0,0.5241862417451926,11.438840894230848
42.12894736842105,5.0,0.512710738844527,11.480678849100533
46.33684210526315,5.0,0.5022841998130447,11.518251119383802
50.54473684210526,5.0,0.49289425954257854,11.551967780243249
54.752631578947366,5.0,0.48447321911568975,11.58199977688621
58.960526315789465,5.0,0.47693268259403065,11.608866407585554
63.16842105263157,5.0,0.4701759128450823,11.632849874166713
67.37631578947368,5.0,0.46411133712913444,11.654336068173375
71.58421052631579,5.0,0.45865526974608706,11.673636922283913
75.7921052631579,5.0,0.4537329568768851,11.690991635425656
80.0,5.0,0.4492782458328015,11.706756373694923
